Id,Date,Status,Vorname,Nachname,Emails,"Phone Number",Messages,Consent,"Recipient Email"
128,"2026-06-22 06:32:12",unread,TEST,TEST,testq23@gmail.com,0258741256,"TEST MAIL","{Mit dem Absenden der Kontaktanfrage gebe ich mein Einverständnis, dass die oben genannten personenbezogenen Daten zur Bearbeitung meiner Kontaktanfrage gespeichert und ggfs. entsprechend meiner Anfrage an verbundene Unternehmensgesellschaften übermittelt werden. Weitere Informationen können unserer Datenschutzerklärung entnommen werden.}",sebastian.dressel@bright-group.com
125,"2026-06-18 10:38:13",unread,Testing,Team,saddam@leanport.info,087654321,"Form Testing","{Mit dem Absenden der Kontaktanfrage gebe ich mein Einverständnis, dass die oben genannten personenbezogenen Daten zur Bearbeitung meiner Kontaktanfrage gespeichert und ggfs. entsprechend meiner Anfrage an verbundene Unternehmensgesellschaften übermittelt werden. Weitere Informationen können unserer Datenschutzerklärung entnommen werden.}",sebastian.dressel@bright-group.com
98,"2026-05-06 11:18:02",unread,Rachel,Smith,rachel@guestpostfox.com,2494494100,"Hi,

I was reading this article earlier: https://itsmagazine.de/fortgeschrittene-strategien-fur-die-befundzerlegung-in-industriellen-messsystemen/

I noticed it includes a mention of your website bright-group.com.

It made me curious whether you handle these placements internally or work with an agency for them.

Our team works with a number of editorial blogs across different niches and we sometimes assist brands publish contextual articles on relevant sites.

If this is something you are currently exploring, I can share a few recent examples and how the process usually works.
Let me know if that would be useful.

Best Regards,
Rachel Smith","{Mit dem Absenden der Kontaktanfrage gebe ich mein Einverständnis, dass die oben genannten personenbezogenen Daten zur Bearbeitung meiner Kontaktanfrage gespeichert und ggfs. entsprechend meiner Anfrage an verbundene Unternehmensgesellschaften übermittelt werden. Weitere Informationen können unserer Datenschutzerklärung entnommen werden.}",sebastian.dressel@bright-group.com
83,"2026-04-06 07:42:04",unread,Testing,Team,shusain1310@gmail.com,087654321,Testing,"{Mit dem Absenden der Kontaktanfrage gebe ich mein Einverständnis, dass die oben genannten personenbezogenen Daten zur Bearbeitung meiner Kontaktanfrage gespeichert und ggfs. entsprechend meiner Anfrage an verbundene Unternehmensgesellschaften übermittelt werden. Weitere Informationen können unserer Datenschutzerklärung entnommen werden.}",sebastian.dressel@bright-group.com
82,"2026-04-06 07:38:40",unread,Testing,Team,shusain1310@gmail.com,087654321,Testing,"{Mit dem Absenden der Kontaktanfrage gebe ich mein Einverständnis, dass die oben genannten personenbezogenen Daten zur Bearbeitung meiner Kontaktanfrage gespeichert und ggfs. entsprechend meiner Anfrage an verbundene Unternehmensgesellschaften übermittelt werden. Weitere Informationen können unserer Datenschutzerklärung entnommen werden.}",sebastian.dressel@bright-group.com
44,"2026-01-22 08:11:44",unread,Iris,Ingram,hypaz@yahoo.com,0459241097,"this is test mail","{Mit dem Absenden der Kontaktanfrage gebe ich mein Einverständnis, dass die oben genannten personenbezogenen Daten zur Bearbeitung meiner Kontaktanfrage gespeichert und ggfs. entsprechend meiner Anfrage an verbundene Unternehmensgesellschaften übermittelt werden. Weitere Informationen können unserer Datenschutzerklärung entnommen werden.}",sebastian.dressel@bright-group.com
40,"2026-01-22 07:54:26",unread,Sunil,Singh,sunil.kumar@leanport.info,01234567890,"THIS IS TEST MAIL","{Mit dem Absenden der Kontaktanfrage gebe ich mein Einverständnis, dass die oben genannten personenbezogenen Daten zur Bearbeitung meiner Kontaktanfrage gespeichert und ggfs. entsprechend meiner Anfrage an verbundene Unternehmensgesellschaften übermittelt werden. Weitere Informationen können unserer Datenschutzerklärung entnommen werden.}",sebastian.dressel@bright-group.com
35,"2026-01-14 10:55:06",read,sunil,singh,sunil.kumar@leanport.info,012345678958,"test email for testing","{Mit dem Absenden der Kontaktanfrage gebe ich mein Einverständnis, dass die oben genannten personenbezogenen Daten zur Bearbeitung meiner Kontaktanfrage gespeichert und ggfs. entsprechend meiner Anfrage an verbundene Unternehmensgesellschaften übermittelt werden. Weitere Informationen können unserer Datenschutzerklärung entnommen werden.}",sebastian.dressel@bright-group.com
